rank_frac,cum_access_frac
0.001953125,0.6938798938798939
0.00390625,0.7437265437265437
0.005859375,0.7728646728646729
0.0078125,0.7932635932635933
0.009765625,0.8084946084946085
0.01171875,0.8206861206861207
0.013671875,0.8307752307752307
0.015625,0.8392551392551393
0.017578125,0.8465590465590466
0.01953125,0.8528891528891529
0.021484375,0.8584696584696585
0.0234375,0.8634462634462634
0.025390625,0.8679231679231679
0.02734375,0.871964571964572
0.029296875,0.8756355756355756
0.03125,0.879003179003179
0.033203125,0.8820875820875821
0.03515625,0.8849415849415849
0.037109375,0.8875873875873875
0.0390625,0.8900365900365901
0.041015625,0.8923206923206923
0.04296875,0.8944455944455945
0.044921875,0.8964436964436965
0.046875,0.8983276983276983
0.048828125,0.9000906000906
0.05078125,0.9017534017534018
0.052734375,0.9033387033387034
0.0546875,0.9048471048471048
0.056640625,0.9062614062614063
0.05859375,0.9076430076430076
0.060546875,0.9089150089150089
0.0625,0.9101720101720102
0.064453125,0.9113530113530114
0.06640625,0.9124843124843125
0.068359375,0.9136002136002136
0.0703125,0.9146050146050146
0.072265625,0.9156106156106156
0.07421875,0.9166162166162166
0.076171875,0.9175032175032175
0.078125,0.9183831183831184
0.080078125,0.9192630192630192
0.08203125,0.9201382201382201
0.083984375,0.9208924208924208
0.0859375,0.9216466216466217
0.087890625,0.9224002224002223
0.08984375,0.9231544231544232
0.091796875,0.9239060239060239
0.09375,0.9245340245340246
0.095703125,0.9251625251625252
0.09765625,0.9257910257910258
0.099609375,0.9264190264190264
0.1015625,0.927047527047527
0.103515625,0.9276755276755276
0.10546875,0.9282878282878283
0.107421875,0.9287906287906288
0.109375,0.9292930292930293
0.111328125,0.9297958297958298
0.11328125,0.9302986302986302
0.115234375,0.9308010308010308
0.1171875,0.9313038313038313
0.119140625,0.9318066318066318
0.12109375,0.9323090323090323
0.123046875,0.9328118328118328
0.125,0.9333146333146333
0.126953125,0.9337369337369338
0.12890625,0.9341140341140342
0.130859375,0.9344911344911345
0.1328125,0.9348679348679348
0.134765625,0.9352450352450352
0.13671875,0.9356221356221356
0.138671875,0.935998935998936
0.140625,0.9363760363760364
0.142578125,0.9367531367531368
0.14453125,0.9371299371299371
0.146484375,0.9375070375070375
0.1484375,0.9378841378841379
0.150390625,0.9382609382609383
0.15234375,0.9386380386380386
0.154296875,0.939015139015139
0.15625,0.9393919393919394
0.158203125,0.9397690397690398
0.16015625,0.9401461401461402
0.162109375,0.9404723404723405
0.1640625,0.9407237407237408
0.166015625,0.940975140975141
0.16796875,0.9412263412263412
0.169921875,0.9414777414777414
0.171875,0.9417291417291417
0.173828125,0.941980341980342
0.17578125,0.9422317422317422
0.177734375,0.9424831424831425
0.1796875,0.9427343427343428
0.181640625,0.942985742985743
0.18359375,0.9432371432371432
0.185546875,0.9434883434883435
0.1875,0.9437397437397438
0.189453125,0.943991143991144
0.19140625,0.9442423442423442
0.193359375,0.9444937444937445
0.1953125,0.9447451447451447
0.197265625,0.944996344996345
0.19921875,0.9452477452477452
0.201171875,0.9454989454989455
0.203125,0.9457503457503458
0.205078125,0.946001746001746
0.20703125,0.9462529462529462
0.208984375,0.9465043465043464
0.2109375,0.9467557467557468
0.212890625,0.947006947006947
0.21484375,0.9472583472583472
0.216796875,0.9475097475097475
0.21875,0.9477609477609478
0.220703125,0.948012348012348
0.22265625,0.9482637482637483
0.224609375,0.9485149485149486
0.2265625,0.9487663487663488
0.228515625,0.949017749017749
0.23046875,0.9492689492689492
0.232421875,0.9495203495203495
0.234375,0.9497717497717497
0.236328125,0.95002295002295
0.23828125,0.9502743502743503
0.240234375,0.9505257505257505
0.2421875,0.9507769507769508
0.244140625,0.951028351028351
0.24609375,0.9512797512797513
0.248046875,0.9515309515309516
0.25,0.9517442517442517
0.251953125,0.9518699518699518
0.25390625,0.951995551995552
0.255859375,0.9521212521212521
0.2578125,0.9522469522469522
0.259765625,0.9523725523725524
0.26171875,0.9524982524982525
0.263671875,0.9526239526239526
0.265625,0.9527495527495528
0.267578125,0.9528752528752529
0.26953125,0.953000953000953
0.271484375,0.9531265531265531
0.2734375,0.9532522532522533
0.275390625,0.9533779533779534
0.27734375,0.9535035535035535
0.279296875,0.9536292536292537
0.28125,0.9537549537549538
0.283203125,0.9538805538805539
0.28515625,0.954006254006254
0.287109375,0.9541319541319542
0.2890625,0.9542575542575542
0.291015625,0.9543832543832543
0.29296875,0.9545089545089545
0.294921875,0.9546345546345546
0.296875,0.9547602547602547
0.298828125,0.9548859548859548
0.30078125,0.955011555011555
0.302734375,0.9551372551372551
0.3046875,0.9552628552628553
0.306640625,0.9553885553885554
0.30859375,0.9555142555142555
0.310546875,0.9556398556398557
0.3125,0.9557655557655558
0.314453125,0.9558912558912559
0.31640625,0.956016856016856
0.318359375,0.9561425561425562
0.3203125,0.9562682562682563
0.322265625,0.9563938563938564
0.32421875,0.9565195565195566
0.326171875,0.9566452566452567
0.328125,0.9567708567708568
0.330078125,0.956896556896557
0.33203125,0.9570222570222571
0.333984375,0.9571478571478571
0.3359375,0.9572735572735572
0.337890625,0.9573992573992574
0.33984375,0.9575248575248575
0.341796875,0.9576505576505576
0.34375,0.9577762577762577
0.345703125,0.9579018579018579
0.34765625,0.958027558027558
0.349609375,0.9581532581532581
0.3515625,0.9582788582788583
0.353515625,0.9584045584045584
0.35546875,0.9585302585302585
0.357421875,0.9586558586558587
0.359375,0.9587815587815588
0.361328125,0.9589072589072589
0.36328125,0.9590328590328591
0.365234375,0.9591585591585592
0.3671875,0.9592842592842593
0.369140625,0.9594098594098595
0.37109375,0.9595355595355596
0.373046875,0.9596612596612597
0.375,0.9597868597868597
0.376953125,0.9599125599125599
0.37890625,0.96003826003826
0.380859375,0.9601638601638601
0.3828125,0.9602895602895603
0.384765625,0.9604152604152604
0.38671875,0.9605408605408605
0.388671875,0.9606665606665606
0.390625,0.9607922607922608
0.392578125,0.9609178609178609
0.39453125,0.961043561043561
0.396484375,0.9611692611692612
0.3984375,0.9612948612948613
0.400390625,0.9614205614205614
0.40234375,0.9615461615461616
0.404296875,0.9616718616718617
0.40625,0.9617975617975618
0.408203125,0.961923161923162
0.41015625,0.9620488620488621
0.412109375,0.9621745621745622
0.4140625,0.9623001623001624
0.416015625,0.9624258624258625
0.41796875,0.9625515625515626
0.419921875,0.9626771626771626
0.421875,0.9628028628028628
0.423828125,0.9629285629285629
0.42578125,0.963054163054163
0.427734375,0.9631798631798631
0.4296875,0.9633055633055633
0.431640625,0.9634311634311634
0.43359375,0.9635568635568635
0.435546875,0.9636825636825637
0.4375,0.9638081638081638
0.439453125,0.9639338639338639
0.44140625,0.9640595640595641
0.443359375,0.9641851641851642
0.4453125,0.9643108643108643
0.447265625,0.9644365644365644
0.44921875,0.9645621645621646
0.451171875,0.9646878646878647
0.453125,0.9648135648135648
0.455078125,0.964939164939165
0.45703125,0.9650648650648651
0.458984375,0.9651905651905652
0.4609375,0.9653161653161653
0.462890625,0.9654418654418654
0.46484375,0.9655675655675656
0.466796875,0.9656931656931657
0.46875,0.9658188658188658
0.470703125,0.9659445659445659
0.47265625,0.966070166070166
0.474609375,0.9661958661958662
0.4765625,0.9663215663215663
0.478515625,0.9664471664471664
0.48046875,0.9665728665728666
0.482421875,0.9666985666985667
0.484375,0.9668241668241668
0.486328125,0.966949866949867
0.48828125,0.9670755670755671
0.490234375,0.9672011672011672
0.4921875,0.9673268673268673
0.494140625,0.9674525674525675
0.49609375,0.9675781675781676
0.498046875,0.9677038677038677
0.5,0.9678294678294679
0.501953125,0.967955167955168
0.50390625,0.9680808680808681
0.505859375,0.9682064682064682
0.5078125,0.9683321683321683
0.509765625,0.9684578684578684
0.51171875,0.9685834685834686
0.513671875,0.9687091687091687
0.515625,0.9688348688348688
0.517578125,0.968960468960469
0.51953125,0.9690861690861691
0.521484375,0.9692118692118692
0.5234375,0.9693374693374693
0.525390625,0.9694631694631695
0.52734375,0.9695888695888696
0.529296875,0.9697144697144697
0.53125,0.9698401698401699
0.533203125,0.96996586996587
0.53515625,0.9700914700914701
0.537109375,0.9702171702171702
0.5390625,0.9703428703428704
0.541015625,0.9704684704684705
0.54296875,0.9705941705941706
0.544921875,0.9707198707198708
0.546875,0.9708454708454708
0.548828125,0.9709711709711709
0.55078125,0.9710968710968712
0.552734375,0.9712224712224712
0.5546875,0.9713481713481713
0.556640625,0.9714738714738714
0.55859375,0.9715994715994716
0.560546875,0.9717251717251717
0.5625,0.9718508718508718
0.564453125,0.971976471976472
0.56640625,0.9721021721021721
0.568359375,0.9722278722278722
0.5703125,0.9723534723534724
0.572265625,0.9724791724791725
0.57421875,0.9726048726048726
0.576171875,0.9727304727304728
0.578125,0.9728561728561729
0.580078125,0.972981872981873
0.58203125,0.9731074731074731
0.583984375,0.9732331732331733
0.5859375,0.9733588733588734
0.587890625,0.9734844734844735
0.58984375,0.9736101736101737
0.591796875,0.9737358737358738
0.59375,0.9738614738614738
0.595703125,0.9739871739871739
0.59765625,0.9741128741128741
0.599609375,0.9742384742384742
0.6015625,0.9743641743641743
0.603515625,0.9744897744897745
0.60546875,0.9746154746154746
0.607421875,0.9747411747411747
0.609375,0.9748667748667749
0.611328125,0.974992474992475
0.61328125,0.9751181751181751
0.615234375,0.9752437752437753
0.6171875,0.9753694753694754
0.619140625,0.9754951754951755
0.62109375,0.9756207756207756
0.623046875,0.9757464757464758
0.625,0.9758721758721759
0.626953125,0.975997775997776
0.62890625,0.9761234761234762
0.630859375,0.9762491762491763
0.6328125,0.9763747763747763
0.634765625,0.9765004765004766
0.63671875,0.9766261766261767
0.638671875,0.9767517767517767
0.640625,0.9768774768774768
0.642578125,0.977003177003177
0.64453125,0.9771287771287771
0.646484375,0.9772544772544772
0.6484375,0.9773801773801774
0.650390625,0.9775057775057775
0.65234375,0.9776314776314776
0.654296875,0.9777571777571777
0.65625,0.9778827778827779
0.658203125,0.978008478008478
0.66015625,0.9781341781341781
0.662109375,0.9782597782597783
0.6640625,0.9783854783854784
0.666015625,0.9785111785111785
0.66796875,0.9786367786367787
0.669921875,0.9787624787624788
0.671875,0.9788881788881789
0.673828125,0.9790137790137791
0.67578125,0.9791394791394792
0.677734375,0.9792651792651793
0.6796875,0.9793907793907793
0.681640625,0.9795164795164795
0.68359375,0.9796421796421796
0.685546875,0.9797677797677797
0.6875,0.9798934798934799
0.689453125,0.98001918001918
0.69140625,0.9801447801447801
0.693359375,0.9802704802704802
0.6953125,0.9803961803961804
0.697265625,0.9805217805217805
0.69921875,0.9806474806474806
0.701171875,0.9807730807730808
0.703125,0.9808987808987809
0.705078125,0.981024481024481
0.70703125,0.9811500811500812
0.708984375,0.9812757812757813
0.7109375,0.9814014814014814
0.712890625,0.9815270815270816
0.71484375,0.9816527816527817
0.716796875,0.9817784817784818
0.71875,0.9819040819040818
0.720703125,0.9820297820297821
0.72265625,0.9821554821554822
0.724609375,0.9822810822810822
0.7265625,0.9824067824067824
0.728515625,0.9825324825324825
0.73046875,0.9826580826580826
0.732421875,0.9827837827837828
0.734375,0.9829094829094829
0.736328125,0.983035083035083
0.73828125,0.9831607831607831
0.740234375,0.9832864832864833
0.7421875,0.9834120834120834
0.744140625,0.9835377835377835
0.74609375,0.9836634836634837
0.748046875,0.9837890837890838
0.75,0.9839147839147839
0.751953125,0.984040484040484
0.75390625,0.9841660841660842
0.755859375,0.9842917842917843
0.7578125,0.9844174844174844
0.759765625,0.9845430845430846
0.76171875,0.9846687846687847
0.763671875,0.9847944847944848
0.765625,0.9849200849200849
0.767578125,0.985045785045785
0.76953125,0.9851714851714851
0.771484375,0.9852970852970853
0.7734375,0.9854227854227854
0.775390625,0.9855484855484855
0.77734375,0.9856740856740857
0.779296875,0.9857997857997858
0.78125,0.9859254859254859
0.783203125,0.986051086051086
0.78515625,0.9861767861767862
0.787109375,0.9863024863024863
0.7890625,0.9864280864280864
0.791015625,0.9865537865537866
0.79296875,0.9866794866794867
0.794921875,0.9868050868050868
0.796875,0.986930786930787
0.798828125,0.9870564870564871
0.80078125,0.9871820871820872
0.802734375,0.9873077873077873
0.8046875,0.9874333874333875
0.806640625,0.9875590875590876
0.80859375,0.9876847876847877
0.810546875,0.9878103878103878
0.8125,0.9879360879360879
0.814453125,0.988061788061788
0.81640625,0.9881873881873882
0.818359375,0.9883130883130883
0.8203125,0.9884387884387884
0.822265625,0.9885643885643886
0.82421875,0.9886900886900887
0.826171875,0.9888157888157888
0.828125,0.9889413889413889
0.830078125,0.9890670890670891
0.83203125,0.9891927891927892
0.833984375,0.9893183893183893
0.8359375,0.9894440894440895
0.837890625,0.9895697895697896
0.83984375,0.9896953896953897
0.841796875,0.9898210898210899
0.84375,0.98994678994679
0.845703125,0.9900723900723901
0.84765625,0.9901980901980902
0.849609375,0.9903237903237904
0.8515625,0.9904493904493904
0.853515625,0.9905750905750905
0.85546875,0.9907007907007906
0.857421875,0.9908263908263908
0.859375,0.9909520909520909
0.861328125,0.991077791077791
0.86328125,0.9912033912033912
0.865234375,0.9913290913290913
0.8671875,0.9914547914547914
0.869140625,0.9915803915803916
0.87109375,0.9917060917060917
0.873046875,0.9918317918317918
0.875,0.991957391957392
0.876953125,0.9920830920830921
0.87890625,0.9922087922087922
0.880859375,0.9923343923343924
0.8828125,0.9924600924600925
0.884765625,0.9925857925857926
0.88671875,0.9927113927113927
0.888671875,0.9928370928370929
0.890625,0.992962792962793
0.892578125,0.9930883930883931
0.89453125,0.9932140932140933
0.896484375,0.9933397933397934
0.8984375,0.9934653934653934
0.900390625,0.9935910935910935
0.90234375,0.9937166937166937
0.904296875,0.9938423938423938
0.90625,0.9939680939680939
0.908203125,0.9940936940936941
0.91015625,0.9942193942193942
0.912109375,0.9943450943450943
0.9140625,0.9944706944706945
0.916015625,0.9945963945963946
0.91796875,0.9947220947220947
0.919921875,0.9948476948476949
0.921875,0.994973394973395
0.923828125,0.9950990950990951
0.92578125,0.9952246952246953
0.927734375,0.9953503953503954
0.9296875,0.9954760954760955
0.931640625,0.9956016956016956
0.93359375,0.9957273957273958
0.935546875,0.9958530958530959
0.9375,0.9959786959786959
0.939453125,0.996104396104396
0.94140625,0.9962300962300963
0.943359375,0.9963556963556963
0.9453125,0.9964813964813964
0.947265625,0.9966070966070966
0.94921875,0.9967326967326967
0.951171875,0.9968583968583968
0.953125,0.996984096984097
0.955078125,0.9971096971096971
0.95703125,0.9972353972353972
0.958984375,0.9973610973610973
0.9609375,0.9974866974866975
0.962890625,0.9976123976123976
0.96484375,0.9977380977380977
0.966796875,0.9978636978636979
0.96875,0.997989397989398
0.970703125,0.9981150981150981
0.97265625,0.9982406982406983
0.974609375,0.9983663983663984
0.9765625,0.9984920984920985
0.978515625,0.9986176986176987
0.98046875,0.9987433987433988
0.982421875,0.9988690988690989
0.984375,0.998994698994699
0.986328125,0.9991203991203991
0.98828125,0.9992460992460992
0.990234375,0.9993716993716993
0.9921875,0.9994973994973995
0.994140625,0.9996230996230996
0.99609375,0.9997486997486997
0.998046875,0.9998743998743999
1.0,1.0
